start	end	ensembl_gene_id	ensembl_transcript_id	transcript_symbol	gene_symbol	length	estimated_length	count	tpm
5079294	5127927	ENSG00000280071.3	ENST00000624810.3	CH507-9B2.3-005	CH507-9B2.3	411	229.38	32.2865	1.78423
5079294	5127927	ENSG00000280071.3	ENST00000625036.3	CH507-9B2.3-003	CH507-9B2.3	318	140.831	0	0
5116341	5127143	ENSG00000280071.3	ENST00000620015.4	CH507-9B2.3-013	CH507-9B2.3	1435	1251.8	837.716	8.48298
5116341	5128425	ENSG00000280071.3	ENST00000620528.4	CH507-9B2.3-001	CH507-9B2.3	1640	1456.8	8156.58	70.9733
5116937	5128372	ENSG00000280071.3	ENST00000624120.3	CH507-9B2.3-002	CH507-9B2.3	898	714.802	152.572	2.70568
5120634	5128273	ENSG00000280071.3	ENST00000624648.3	CH507-9B2.3-011	CH507-9B2.3	696	512.802	98.107	2.42514
5116343	5133805	ENSG00000276612.3	ENST00000623476.2	CH507-9B2.4-001	CH507-9B2.4	1599	1415.8	0	0
5130871	5154734	ENSG00000275464.4	ENST00000617716.3	CH507-9B2.5-001	CH507-9B2.5	3264	3080.8	5502.88	22.6419
5155499	5163695	ENSG00000280433.1	ENST00000623998.1	CH507-9B2.9-001	CH507-9B2.9	3634	3450.8	1020.88	3.75008
6444869	6467509	ENSG00000274276.4	ENST00000624406.3	CBSL-009	CBSL	2453	2269.8	0	0
6444869	6467532	ENSG00000274276.4	ENST00000398168.5	CBSL-001	CBSL	2514	2330.8	460.376	2.50377
6444869	6468040	ENSG00000274276.4	ENST00000618024.4	CBSL-002	CBSL	2353	2169.8	0.223743	0.00130712
6444873	6468040	ENSG00000274276.4	ENST00000617706.4	CBSL-201	CBSL	2563	2379.8	0	0
6445433	6467532	ENSG00000274276.4	ENST00000624934.3	CBSL-004	CBSL	1992	1808.8	0	0
6484623	6496930	ENSG00000275895.5	ENST00000623375.3	U2AF1L5-005	U2AF1L5	1675	1491.8	68.8155	0.584739
6484623	6499200	ENSG00000275895.5	ENST00000610664.4	U2AF1L5-003	U2AF1L5	897	713.802	3190.66	56.6617
6484709	6499202	ENSG00000275895.5	ENST00000619610.2	U2AF1L5-002	U2AF1L5	813	629.802	1551.22	31.2217
7788703	7793954	ENSG00000278961.1	ENST00000624951.1	CH507-396I9.3-001	CH507-396I9.3	1050	866.802	0	0
7816675	7829926	ENSG00000276289.4	ENST00000622690.4	KCNE1B-201	KCNE1B	3149	2965.8	0	0
7816678	7829592	ENSG00000276289.4	ENST00000618699.2	KCNE1B-001	KCNE1B	3154	2970.8	0	0
7819044	7829587	ENSG00000276289.4	ENST00000623803.1	KCNE1B-002	KCNE1B	811	627.802	0	0
7819361	7825797	ENSG00000276289.4	ENST00000617668.2	KCNE1B-003	KCNE1B	736	552.802	0	0
14108813	14206949	ENSG00000188992.11	ENST00000344577.6	LIPI-001	LIPI	1652	1468.8	0	0
14108893	14210891	ENSG00000188992.11	ENST00000536861.5	LIPI-201	LIPI	1529	1345.8	0	0
14108893	14210891	ENSG00000188992.11	ENST00000614229.4	LIPI-202	LIPI	1439	1255.8	4	0.0403763
14165251	14189103	ENSG00000188992.11	ENST00000400211.2	LIPI-002	LIPI	421	239.145	0	0
14371115	14383187	ENSG00000155304.5	ENST00000285667.3	HSPA13-001	HSPA13	3986	3802.8	2384.67	7.94899
14485228	14546341	ENSG00000155307.17	ENST00000400564.5	SAMSN1-003	SAMSN1	1382	1198.8	7.65895	0.0809858
14485228	14546343	ENSG00000155307.17	ENST00000400566.5	SAMSN1-002	SAMSN1	1888	1704.8	15418	114.641
14485228	14583402	ENSG00000155307.17	ENST00000285670.6	SAMSN1-001	SAMSN1	2185	2001.8	24.0973	0.152593
14485229	14546360	ENSG00000155307.17	ENST00000619120.4	SAMSN1-201	SAMSN1	2028	1844.8	215.598	1.48144
14591930	14643133	ENSG00000243440.6	ENST00000435732.5	AF165138.7-002	AF165138.7	1151	967.802	19	0.24886
14593720	14658821	ENSG00000243440.6	ENST00000400562.1	AF165138.7-001	AF165138.7	808	624.802	0	0
14961235	15064805	ENSG00000180530.10	ENST00000318948.6	NRIP1-201	NRIP1	7556	7372.8	1257.54	2.1621
14961235	15064934	ENSG00000180530.10	ENST00000400199.5	NRIP1-001	NRIP1	7562	7378.8	694.536	1.19315
14961235	15065000	ENSG00000180530.10	ENST00000400202.5	NRIP1-002	NRIP1	7671	7487.8	886.859	1.50137
14967996	15002368	ENSG00000180530.10	ENST00000411932.1	NRIP1-004	NRIP1	720	536.802	1.54393	0.0364586
14968155	15065815	ENSG00000180530.10	ENST00000638122.1	NRIP1-007	NRIP1	543	360.108	0	0
17593653	17612844	ENSG00000154640.14	ENST00000339775.10	BTG3-001	BTG3	1485	1301.8	566.05	5.51185
17593653	17612947	ENSG00000154640.14	ENST00000348354.6	BTG3-002	BTG3	1456	1272.8	2858.91	28.4726
17609007	17612945	ENSG00000154640.14	ENST00000457956.1	BTG3-003	BTG3	511	328.143	24.7815	0.957311
17788967	17819386	ENSG00000154642.10	ENST00000284881.8	C21orf91-003	C21orf91	5433	5249.8	2285.77	5.5192
17792804	17819386	ENSG00000154642.10	ENST00000400559.7	C21orf91-001	C21orf91	1593	1409.8	24.1654	0.217282
17793247	17819386	ENSG00000154642.10	ENST00000400558.7	C21orf91-002	C21orf91	1090	906.802	382.403	5.34559
17795208	17819019	ENSG00000154642.10	ENST00000405964.2	C21orf91-005	C21orf91	896	712.802	148.152	2.63467
18269116	18403656	ENSG00000154646.8	ENST00000284885.7	TMPRSS15-001	TMPRSS15	3947	3763.8	0	0
18365140	18485879	ENSG00000154646.8	ENST00000422787.1	TMPRSS15-002	TMPRSS15	754	570.802	1	0.0222076
18365241	18460731	ENSG00000154646.8	ENST00000474775.1	TMPRSS15-003	TMPRSS15	452	269.725	0	0
25585656	25607517	ENSG00000154719.13	ENST00000352957.8	MRPL39-001	MRPL39	1110	926.802	3789.64	51.8321
25585656	25607517	ENSG00000154719.13	ENST00000307301.11	MRPL39-002	MRPL39	1199	1015.8	146.552	1.82881
25592812	25607484	ENSG00000154719.13	ENST00000419219.1	MRPL39-003	MRPL39	900	716.802	49.8045	0.880757
25716503	25735027	ENSG00000154723.12	ENST00000400099.5	ATP5J-004	ATP5J	492	309.207	16.2419	0.665848
25724480	25734904	ENSG00000154723.12	ENST00000400094.5	ATP5J-007	ATP5J	589	405.934	501.734	15.6677
25724480	25734972	ENSG00000154723.12	ENST00000284971.7	ATP5J-001	ATP5J	614	430.871	4592.02	135.096
25724480	25735033	ENSG00000154723.12	ENST00000457143.6	ATP5J-003	ATP5J	589	405.934	118.019	3.6854
25724480	25735639	ENSG00000154723.12	ENST00000400090.7	ATP5J-005	ATP5J	647	463.827	275.52	7.52983
25724480	25735646	ENSG00000154723.12	ENST00000400087.7	ATP5J-006	ATP5J	826	642.802	245.119	4.83378
25724480	25735673	ENSG00000154723.12	ENST00000400093.3	ATP5J-002	ATP5J	1179	995.802	548.439	6.9814
25880550	26170654	ENSG00000142192.20	ENST00000346798.7	APP-004	APP	3467	3283.8	0	0
25880550	26170747	ENSG00000142192.20	ENST00000354192.7	APP-002	APP	3167	2983.8	0	0
25880550	26170767	ENSG00000142192.20	ENST00000348990.9	APP-003	APP	3355	3171.8	763.737	3.05228
25880550	26170787	ENSG00000142192.20	ENST00000357903.7	APP-001	APP	3543	3359.8	8922.55	33.6638
25880551	26171128	ENSG00000142192.20	ENST00000359726.7	APP-201	APP	3294	3110.8	25.8784	0.105451
25881331	26140460	ENSG00000142192.20	ENST00000440126.7	APP-016	APP	2846	2662.8	1094.07	5.20827
25881332	26170654	ENSG00000142192.20	ENST00000439274.6	APP-015	APP	2517	2333.8	1271.22	6.90471
25881610	26170667	ENSG00000142192.20	ENST00000358918.7	APP-017	APP	2366	2182.8	1822.83	10.5857
25945524	26090061	ENSG00000142192.20	ENST00000448850.5	APP-005	APP	1846	1662.8	33.2477	0.253459
25975190	26051032	ENSG00000142192.20	ENST00000415997.1	APP-010	APP	541	358.126	1.71508	0.0607068
26466209	26573284	ENSG00000166265.11	ENST00000299340.8	CYYR1-001	CYYR1	3101	2917.8	0	0
26477971	26573176	ENSG00000166265.11	ENST00000400043.3	CYYR1-002	CYYR1	735	551.802	0	0
26835747	26845409	ENSG00000154734.14	ENST00000284984.7	ADAMTS1-001	ADAMTS1	5191	5007.8	0	0
26841077	26843018	ENSG00000154734.14	ENST00000517777.5	ADAMTS1-007	ADAMTS1	598	414.913	0	0
26841120	26843540	ENSG00000154734.14	ENST00000451462.5	ADAMTS1-003	ADAMTS1	601	417.913	0	0
26841969	26843777	ENSG00000154734.14	ENST00000517452.1	ADAMTS1-006	ADAMTS1	405	223.551	0	0
26917912	26966513	ENSG00000154736.5	ENST00000284987.5	ADAMTS5-001	ADAMTS5	9056	8872.8	0	0
28872191	28885371	ENSG00000156239.11	ENST00000303775.9	N6AMT1-001	N6AMT1	4865	4681.8	379.507	1.02753
28872191	28885371	ENSG00000156239.11	ENST00000351429.7	N6AMT1-002	N6AMT1	4781	4597.8	413.571	1.14022
28928144	28992885	ENSG00000198862.13	ENST00000361371.9	LTN1-008	LTN1	7685	7501.8	2029.43	3.42922
28928144	28992949	ENSG00000198862.13	ENST00000389194.6	LTN1-001	LTN1	7749	7565.8	0.00125359	2.10034e-06
28928144	28992956	ENSG00000198862.13	ENST00000614971.4	LTN1-201	LTN1	7756	7572.8	0.000264371	4.42531e-07
28961317	28992949	ENSG00000198862.13	ENST00000389195.6	LTN1-002	LTN1	2714	2530.8	40.4725	0.202717
29004384	29019378	ENSG00000156253.6	ENST00000493196.1	RWDD2B-001	RWDD2B	3094	2910.8	83.4101	0.36324
29055805	29061376	ENSG00000156261.12	ENST00000432178.5	CCT8-001	CCT8	556	373.071	11.0132	0.374206
29056322	29073797	ENSG00000156261.12	ENST00000540844.5	CCT8-201	CCT8	1927	1743.8	67.8759	0.493407
29056324	29073797	ENSG00000156261.12	ENST00000286788.8	CCT8-003	CCT8	2005	1821.8	28991.9	201.727
29056329	29073351	ENSG00000156261.12	ENST00000626972.2	CCT8-012	CCT8	1862	1678.8	1400.77	10.5768
29062209	29073565	ENSG00000156261.12	ENST00000431234.1	CCT8-006	CCT8	968	784.802	39.5921	0.639493
29536933	29939532	ENSG00000171189.17	ENST00000327783.8	GRIK1-004	GRIK1	3179	2995.8	0	0
29536933	29939625	ENSG00000171189.17	ENST00000389125.7	GRIK1-001	GRIK1	3140	2956.8	0	0
29536933	29939674	ENSG00000171189.17	ENST00000399913.5	GRIK1-006	GRIK1	3234	3050.8	0	0
29536933	29940022	ENSG00000171189.17	ENST00000399914.5	GRIK1-003	GRIK1	3624	3440.8	0	0
29537706	29939532	ENSG00000171189.17	ENST00000389124.6	GRIK1-005	GRIK1	2712	2528.8	3	0.0150381
29553252	29939912	ENSG00000171189.17	ENST00000399907.5	GRIK1-002	GRIK1	3472	3288.8	0	0
29553252	29939912	ENSG00000171189.17	ENST00000399909.5	GRIK1-008	GRIK1	3427	3243.8	0	0
30165564	30166756	ENSG00000156282.4	ENST00000286808.4	CLDN17-001	CLDN17	1193	1009.8	0	0
30214006	30216073	ENSG00000156284.5	ENST00000399899.1	CLDN8-001	CLDN8	2068	1884.8	0	0
30281309	30282958	ENSG00000188694.5	ENST00000340345.5	KRTAP24-1-001	KRTAP24-1	1650	1466.8	0	0
30289145	30289514	ENSG00000232263.1	ENST00000416044.1	KRTAP25-1-001	KRTAP25-1	370	189.633	0	0
30319124	30320316	ENSG00000197683.4	ENST00000360542.4	KRTAP26-1-001	KRTAP26-1	1193	1009.8	0	0
30337013	30337694	ENSG00000206107.2	ENST00000382835.2	KRTAP27-1-001	KRTAP27-1	682	498.802	0	0
30348399	30348609	ENSG00000186980.6	ENST00000334160.5	KRTAP23-1-001	KRTAP23-1	211	53.4648	0	0
30371391	30372257	ENSG00000182816.8	ENST00000399889.3	KRTAP13-2-001	KRTAP13-2	867	683.802	0	0
30425265	30425968	ENSG00000240432.3	ENST00000390690.2	KRTAP13-3-001	KRTAP13-3	704	520.802	0	0
30479699	30480344	ENSG00000184351.7	ENST00000390689.2	KRTAP19-1-001	KRTAP19-1	646	462.827	0	0
30487057	30487436	ENSG00000186965.4	ENST00000334055.4	KRTAP19-2-001	KRTAP19-2	380	199.269	0	0
30491464	30491985	ENSG00000244025.4	ENST00000334063.5	KRTAP19-3-001	KRTAP19-3	522	339.143	0	0
30496824	30497133	ENSG00000186967.6	ENST00000334058.2	KRTAP19-4-001	KRTAP19-4	310	133.43	0	0
30501657	30502117	ENSG00000186977.2	ENST00000334151.2	KRTAP19-5-001	KRTAP19-5	461	278.56	0	0
30541535	30541864	ENSG00000186925.6	ENST00000334046.5	KRTAP19-6-001	KRTAP19-6	330	151.903	0	0
30541660	30561289	ENSG00000244362.2	ENST00000614763.1	KRTAP19-7-201	KRTAP19-7	216	56.8327	0	0
30560875	30561314	ENSG00000244362.2	ENST00000334849.2	KRTAP19-7-001	KRTAP19-7	440	257.883	0	0
30590105	30590397	ENSG00000206106.2	ENST00000382830.2	KRTAP22-2-001	KRTAP22-2	293	118.279	0	0
30598590	30598902	ENSG00000186930.4	ENST00000334897.4	KRTAP6-2-001	KRTAP6-2	313	136.159	0	0
30613431	30613930	ENSG00000184724.5	ENST00000329122.2	KRTAP6-1-001	KRTAP6-1	500	317.175	1	0.0399658
30718525	30718777	ENSG00000231068.1	ENST00000444335.1	KRTAP21-3-001	KRTAP21-3	253	84.4397	0	0
30746794	30747233	ENSG00000187026.2	ENST00000333892.2	KRTAP21-2-001	KRTAP21-2	440	257.883	0	0
30754830	30755428	ENSG00000187005.4	ENST00000335093.4	KRTAP21-1-001	KRTAP21-1	599	415.913	0	0
30812697	30813252	ENSG00000183640.5	ENST00000329621.5	KRTAP8-1-001	KRTAP8-1	556	373.071	0	0
30829039	30829759	ENSG00000274749.1	ENST00000621162.1	KRTAP7-1-001	KRTAP7-1	721	537.802	0	0
30880644	30881555	ENSG00000182591.5	ENST00000332378.5	KRTAP11-1-001	KRTAP11-1	912	728.802	0	0
31038159	31038476	ENSG00000206102.2	ENST00000382822.2	KRTAP19-8-001	KRTAP19-8	318	140.831	0	0
31118416	31558977	ENSG00000156299.13	ENST00000286827.7	TIAM1-001	TIAM1	7200	7016.8	271.408	0.49031
31118418	31130221	ENSG00000156299.13	ENST00000423206.5	TIAM1-005	TIAM1	523	340.126	0	0
31118418	31558977	ENSG00000156299.13	ENST00000541036.5	TIAM1-201	TIAM1	7018	6834.8	0	0
31118458	31160909	ENSG00000156299.13	ENST00000636887.1	TIAM1-008	TIAM1	4160	3976.8	98.1108	0.31273
31266296	31344279	ENSG00000156299.13	ENST00000455508.1	TIAM1-003	TIAM1	1187	1003.8	7.54189	0.09524
31671033	31732075	ENSG00000156304.14	ENST00000286835.11	SCAF4-001	SCAF4	4193	4009.8	2483.5	7.85107
31671033	31732075	ENSG00000156304.14	ENST00000399804.5	SCAF4-002	SCAF4	4127	3943.8	3054.31	9.81716
31671228	31731968	ENSG00000156304.14	ENST00000434667.3	SCAF4-010	SCAF4	3846	3662.8	1158.58	4.00958
32268219	32279069	ENSG00000159055.3	ENST00000290130.3	MIS18A-001	MIS18A	1575	1391.8	923.693	8.41274
32311018	32393026	ENSG00000142207.6	ENST00000382751.3	URB1-001	URB1	10832	10648.8	5827.91	6.93744
32574841	32585533	ENSG00000242220.6	ENST00000300258.7	TCP10L-001	TCP10L	2695	2511.8	0	0
32576659	32585533	ENSG00000242220.6	ENST00000472557.5	TCP10L-003	TCP10L	732	548.802	6.86316	0.158524
32576848	32587373	ENSG00000242220.6	ENST00000582575.1	TCP10L-004	TCP10L	636	452.827	2.23005	0.0624266
32578822	32612146	ENSG00000265590.9	ENST00000431216.5	AP000275.65-003	AP000275.65	891	707.802	179.039	3.20644
32578823	32612281	ENSG00000265590.9	ENST00000553001.1	AP000275.65-002	AP000275.65	929	745.802	38.4841	0.654102
32592079	32603237	ENSG00000159079.18	ENST00000431599.1	C21orf59-005	C21orf59	417	235.252	1	0.0538833
32601667	32612352	ENSG00000159079.18	ENST00000440966.5	C21orf59-006	C21orf59	1082	898.802	377.781	5.32798
32601667	32612586	ENSG00000159079.18	ENST00000382549.8	C21orf59-002	C21orf59	2503	2319.8	166.668	0.910729
32601667	32612866	ENSG00000159079.18	ENST00000290155.7	C21orf59-001	C21orf59	1692	1508.8	2331.32	19.5865
32601703	32604200	ENSG00000159079.18	ENST00000425336.1	C21orf59-004	C21orf59	873	689.802	37.2042	0.683683
32603225	32612555	ENSG00000159079.18	ENST00000458138.1	C21orf59-007	C21orf59	863	679.802	73.4832	1.37023
32628759	32727939	ENSG00000159082.17	ENST00000357345.7	SYNJ1-201	SYNJ1	7059	6875.8	0	0
32628759	32728040	ENSG00000159082.17	ENST00000382491.7	SYNJ1-202	SYNJ1	6958	6774.8	0	0
32628763	32645710	ENSG00000159082.17	ENST00000438952.5	SYNJ1-003	SYNJ1	3604	3420.8	224.993	0.833737
32628764	32727900	ENSG00000159082.17	ENST00000630077.2	SYNJ1-014	SYNJ1	6898	6714.8	411.179	0.77622
32628764	32728040	ENSG00000159082.17	ENST00000382499.6	SYNJ1-001	SYNJ1	7094	6910.8	0	0
32630990	32728048	ENSG00000159082.17	ENST00000433931.6	SYNJ1-004	SYNJ1	4852	4668.8	37.7909	0.102605
32631778	32641945	ENSG00000159082.17	ENST00000418301.3	SYNJ1-009	SYNJ1	422	240.145	0	0
32665986	32727939	ENSG00000159082.17	ENST00000429236.5	SYNJ1-002	SYNJ1	2212	2028.8	0	0
32695226	32726942	ENSG00000159082.17	ENST00000456084.1	SYNJ1-006	SYNJ1	583	399.954	0	0
32733899	32771858	ENSG00000159086.14	ENST00000331923.8	PAXBP1-001	PAXBP1	3995	3811.8	1392.62	4.63115
32741393	32771668	ENSG00000159086.14	ENST00000290178.4	PAXBP1-005	PAXBP1	2564	2380.8	350.225	1.86471
32793564	32813743	ENSG00000205929.10	ENST00000490358.5	C21orf62-001	C21orf62	1155	971.802	5	0.0652198
32793565	32813679	ENSG00000205929.10	ENST00000487113.1	C21orf62-003	C21orf62	1009	825.802	0	0
32793685	32813689	ENSG00000205929.10	ENST00000382373.4	C21orf62-004	C21orf62	878	694.802	0	0
32793721	32813634	ENSG00000205929.10	ENST00000479548.1	C21orf62-002	C21orf62	964	780.802	2	0.0324695
33449135	33480011	ENSG00000142188.16	ENST00000542230.6	TMEM50B-001	TMEM50B	2375	2191.8	845.711	4.89112
33465378	33479289	ENSG00000142188.16	ENST00000432504.1	TMEM50B-005	TMEM50B	619	435.871	7.94609	0.231091
33485530	33491473	ENSG00000177692.11	ENST00000617313.4	DNAJC28-201	DNAJC28	2237	2053.8	8.44286	0.0521096
33488190	33491720	ENSG00000177692.11	ENST00000381947.3	DNAJC28-002	DNAJC28	1354	1170.8	21.632	0.234207
33488208	33491473	ENSG00000177692.11	ENST00000314399.3	DNAJC28-001	DNAJC28	1625	1441.8	0	0
33488219	33491691	ENSG00000177692.11	ENST00000402202.1	DNAJC28-004	DNAJC28	1480	1296.8	0	0
33503931	33542138	ENSG00000159131.16	ENST00000381815.8	GART-003	GART	3341	3157.8	8014.26	32.1711
33503931	33542842	ENSG00000159131.16	ENST00000381831.7	GART-001	GART	3490	3306.8	104.101	0.399058
33503931	33542861	ENSG00000159131.16	ENST00000381839.7	GART-006	GART	3469	3285.8	0	0
33524009	33542114	ENSG00000159131.16	ENST00000361093.9	GART-004	GART	2149	1965.8	1934.44	12.4739
33530759	33543491	ENSG00000159131.16	ENST00000430874.5	GART-007	GART	1036	852.802	12.5919	0.187167
33530787	33542793	ENSG00000159131.16	ENST00000426819.5	GART-009	GART	837	653.802	9.21841	0.17873
33534579	33542820	ENSG00000159131.16	ENST00000438059.5	GART-008	GART	697	513.802	46.2591	1.14127
33534587	33542363	ENSG00000159131.16	ENST00000441403.1	GART-010	GART	715	531.802	17.0792	0.407104
33575477	33588670	ENSG00000159147.17	ENST00000303113.10	DONSON-008	DONSON	2028	1844.8	32.3607	0.222359
33577536	33588646	ENSG00000159147.17	ENST00000453626.5	DONSON-014	DONSON	2332	2148.8	77.6556	0.458103
33577905	33588708	ENSG00000159147.17	ENST00000303071.9	DONSON-001	DONSON	2170	1986.8	1048.78	6.69143
33578201	33588634	ENSG00000159147.17	ENST00000437395.5	DONSON-002	DONSON	1719	1535.8	220.474	1.81974
33578242	33588706	ENSG00000159147.17	ENST00000432378.5	DONSON-013	DONSON	1618	1434.8	26.5758	0.234791
33579524	33586158	ENSG00000159147.17	ENST00000440810.1	DONSON-009	DONSON	703	519.802	57.5027	1.40229
33584687	33931607	ENSG00000249209.2	ENST00000429238.2	AP000304.12-001	AP000304.12	1078	894.802	0	0
33589341	33641760	ENSG00000205758.11	ENST00000381554.7	CRYZL1-001	CRYZL1	1617	1433.8	565.941	5.00345
33589386	33641918	ENSG00000205758.11	ENST00000290244.9	CRYZL1-007	CRYZL1	1685	1501.8	0	0
33589467	33641747	ENSG00000205758.11	ENST00000381540.7	CRYZL1-002	CRYZL1	1482	1298.8	80.9529	0.79009
33589545	33597401	ENSG00000205758.11	ENST00000441940.5	CRYZL1-021	CRYZL1	535	352.126	4.25422	0.153147
33589617	33641730	ENSG00000205758.11	ENST00000445393.5	CRYZL1-024	CRYZL1	824	640.802	5.46035	0.108015
33594507	33641759	ENSG00000205758.11	ENST00000361534.6	CRYZL1-003	CRYZL1	2224	2040.8	125.555	0.77987
33595131	33622042	ENSG00000205758.11	ENST00000440526.5	CRYZL1-017	CRYZL1	1026	842.802	75.355	1.13337
33596062	33603448	ENSG00000205758.11	ENST00000414079.5	CRYZL1-018	CRYZL1	408	226.483	27.9244	1.56291
33599196	33641745	ENSG00000205758.11	ENST00000426935.5	CRYZL1-012	CRYZL1	629	445.849	140.19	3.98582
33602267	33633702	ENSG00000205758.11	ENST00000431177.5	CRYZL1-013	CRYZL1	607	423.871	0	0
33602333	33641730	ENSG00000205758.11	ENST00000417979.5	CRYZL1-014	CRYZL1	504	321.175	0	0
33616287	33641722	ENSG00000205758.11	ENST00000413017.2	CRYZL1-008	CRYZL1	627	443.849	10.0313	0.286491
33631493	33643926	ENSG00000205758.11	ENST00000438788.1	CRYZL1-011	CRYZL1	620	436.871	0	0
33639745	33641721	ENSG00000205758.11	ENST00000399442.1	CRYZL1-004	CRYZL1	612	428.871	9.58955	0.283438
33903453	33915980	ENSG00000241837.6	ENST00000290299.6	ATP5O-001	ATP5O	932	748.802	17054.5	288.709
33903456	33909095	ENSG00000241837.6	ENST00000418933.1	ATP5O-010	ATP5O	415	233.287	86.5584	4.70333
34400317	34401072	ENSG00000222018.1	ENST00000410005.1	C21orf140-001	C21orf140	756	572.802	21	0.464731
34418715	34423966	ENSG00000243627.4	ENST00000450895.1	AP000322.53-003	AP000322.53	1050	866.802	0	0
34446688	34459604	ENSG00000180509.11	ENST00000432085.5	KCNE1-202	KCNE1	3184	3000.8	0	0
34446688	34459938	ENSG00000180509.11	ENST00000621601.4	KCNE1-204	KCNE1	3148	2964.8	0	0
34446688	34511325	ENSG00000180509.11	ENST00000611936.1	KCNE1-203	KCNE1	3222	3038.8	0	0
34446688	34511339	ENSG00000180509.11	ENST00000337385.7	KCNE1-201	KCNE1	3347	3163.8	0	0
34446690	34459604	ENSG00000180509.11	ENST00000399289.7	KCNE1-001	KCNE1	3154	2970.8	0	0
34449056	34512275	ENSG00000180509.11	ENST00000399286.2	KCNE1-002	KCNE1	1204	1020.8	0	0
34449245	34455741	ENSG00000180509.11	ENST00000416357.6	KCNE1-003	KCNE1	796	612.802	0	0
34449245	34511243	ENSG00000180509.11	ENST00000399284.1	KCNE1-005	KCNE1	666	482.827	0	0
34516445	34524637	ENSG00000159200.17	ENST00000620920.4	RCAN1-203	RCAN1	2257	2073.8	1.88868e-05	1.15446e-07
34516445	34525467	ENSG00000159200.17	ENST00000381135.7	RCAN1-201	RCAN1	2526	2342.8	0	0
34516445	34614446	ENSG00000159200.17	ENST00000443408.6	RCAN1-202	RCAN1	2315	2131.8	28.2358	0.167896
34516484	34524289	ENSG00000159200.17	ENST00000482533.5	RCAN1-006	RCAN1	2686	2502.8	19.1819	0.0971519
34516484	34526850	ENSG00000159200.17	ENST00000481448.5	RCAN1-005	RCAN1	2816	2632.8	0	0
34516484	34526963	ENSG00000159200.17	ENST00000381132.6	RCAN1-003	RCAN1	2408	2224.8	54.7083	0.311709
34516484	34560179	ENSG00000159200.17	ENST00000487990.5	RCAN1-010	RCAN1	2520	2336.8	0	0
34516484	34613843	ENSG00000159200.17	ENST00000399272.5	RCAN1-004	RCAN1	2164	1980.8	199.908	1.27931
34516484	34615142	ENSG00000159200.17	ENST00000313806.8	RCAN1-001	RCAN1	2490	2306.8	926.967	5.09379
34521060	34526824	ENSG00000159200.17	ENST00000492600.1	RCAN1-007	RCAN1	935	751.802	0	0
34787801	34888690	ENSG00000159216.18	ENST00000344691.8	RUNX1-001	RUNX1	7274	7090.8	320.672	0.573263
34787801	35049298	ENSG00000159216.18	ENST00000437180.5	RUNX1-201	RUNX1	5967	5783.8	112.307	0.246139
34787801	35049344	ENSG00000159216.18	ENST00000300305.7	RUNX1-002	RUNX1	6222	6038.8	43.7209	0.0917753
34791786	34887183	ENSG00000159216.18	ENST00000399240.5	RUNX1-009	RUNX1	1590	1406.8	59.2583	0.533953
34821279	34888690	ENSG00000159216.18	ENST00000358356.9	RUNX1-005	RUNX1	2720	2536.8	24.9939	0.124892
34834410	34889790	ENSG00000159216.18	ENST00000399237.6	RUNX1-012	RUNX1	822	638.802	6.09909	0.121028
34880606	35049298	ENSG00000159216.18	ENST00000455571.5	RUNX1-010	RUNX1	610	426.871	6.4318	0.190996
34887046	36004667	ENSG00000159216.18	ENST00000475045.6	RUNX1-013	RUNX1	1582	1398.8	0	0
34892925	35049270	ENSG00000159216.18	ENST00000416754.1	RUNX1-004	RUNX1	346	166.849	1.24087	0.0942737
35898055	35898429	ENSG00000280170.1	ENST00000624569.1	AP000687.1-201	AP000687.1	375	194.468	1.85726	0.121063
36034541	36060261	ENSG00000185917.13	ENST00000399215.5	SETD4-005	SETD4	4272	4088.8	36.8258	0.114168
36034541	36060526	ENSG00000185917.13	ENST00000399212.5	SETD4-003	SETD4	3258	3074.8	220.356	0.908439
36034541	36060550	ENSG00000185917.13	ENST00000332131.8	SETD4-001	SETD4	3015	2831.8	501.069	2.24296
36043686	36060313	ENSG00000185917.13	ENST00000399205.5	SETD4-004	SETD4	1208	1024.8	39.9768	0.494487
36043686	36060364	ENSG00000185917.13	ENST00000399208.6	SETD4-006	SETD4	1165	981.802	102.682	1.32574
36043686	36079389	ENSG00000185917.13	ENST00000399201.5	SETD4-007	SETD4	1212	1028.8	2.3457e-08	2.8902e-10
36043698	36060245	ENSG00000185917.13	ENST00000399207.5	SETD4-011	SETD4	1160	976.802	0	0
36045614	36060363	ENSG00000185917.13	ENST00000424303.5	SETD4-013	SETD4	796	612.802	0	0
36045631	36060313	ENSG00000185917.13	ENST00000429161.5	SETD4-010	SETD4	745	561.802	19.9124	0.449291
36045864	36060526	ENSG00000185917.13	ENST00000446166.5	SETD4-009	SETD4	754	570.802	14.5124	0.322285
36048322	36060300	ENSG00000185917.13	ENST00000442559.5	SETD4-014	SETD4	431	248.973	0	0
36053589	36060242	ENSG00000185917.13	ENST00000443703.1	SETD4-012	SETD4	707	523.802	1.81051	0.0438148
36460621	36466441	ENSG00000159261.10	ENST00000399139.5	CLDN14-006	CLDN14	1231	1047.8	21.7059	0.262594
36460621	36480090	ENSG00000159261.10	ENST00000399137.5	CLDN14-001	CLDN14	1942	1758.8	0	0
36460621	36480090	ENSG00000159261.10	ENST00000399135.5	CLDN14-002	CLDN14	1752	1568.8	0	0
36460621	36542600	ENSG00000159261.10	ENST00000399136.5	CLDN14-003	CLDN14	1330	1146.8	66.2941	0.73278
36460621	36576569	ENSG00000159261.10	ENST00000342108.2	CLDN14-004	CLDN14	1453	1269.8	0	0
36750888	36980964	ENSG00000159267.14	ENST00000612277.4	HLCS-201	HLCS	6112	5928.8	0	0
36750888	36990236	ENSG00000159267.14	ENST00000336648.8	HLCS-001	HLCS	6010	5826.8	848.087	1.84501
36751192	36966473	ENSG00000159267.14	ENST00000399120.5	HLCS-002	HLCS	6466	6282.8	196.184	0.39582
36937168	36980628	ENSG00000159267.14	ENST00000448340.5	HLCS-003	HLCS	780	596.802	0	0
36937185	36966639	ENSG00000159267.14	ENST00000419461.5	HLCS-005	HLCS	702	518.802	54.4336	1.33
36937214	36990224	ENSG00000159267.14	ENST00000427746.1	HLCS-004	HLCS	666	482.827	10.9605	0.287757
37059170	37073158	ENSG00000185808.13	ENST00000360525.8	PIGP-001	PIGP	6998	6814.8	240.308	0.446994
37062846	37072811	ENSG00000185808.13	ENST00000464265.5	PIGP-004	PIGP	3437	3253.8	11.2725	0.0439153
37065374	37072900	ENSG00000185808.13	ENST00000399102.5	PIGP-002	PIGP	688	504.802	31.574	0.792858
37065374	37073011	ENSG00000185808.13	ENST00000399103.5	PIGP-005	PIGP	656	472.827	602.116	16.1423
37065374	37073170	ENSG00000185808.13	ENST00000399098.5	PIGP-003	PIGP	972	788.802	404.205	6.49562
37069552	37072997	ENSG00000185808.13	ENST00000430792.1	PIGP-007	PIGP	803	619.802	17.4184	0.35624
37223420	37267532	ENSG00000157538.13	ENST00000309117.10	DSCR3-001	DSCR3	3256	3072.8	6632.73	27.3618
37225299	37267351	ENSG00000157538.13	ENST00000399001.5	DSCR3-006	DSCR3	821	637.802	74.8507	1.48764
37225472	37267346	ENSG00000157538.13	ENST00000476950.5	DSCR3-011	DSCR3	937	753.802	166.756	2.80422
37225544	37267532	ENSG00000157538.13	ENST00000398998.1	DSCR3-005	DSCR3	988	804.802	3.56863	0.0562083
37607376	37916446	ENSG00000157542.9	ENST00000609713.1	KCNJ6-001	KCNJ6	19645	19461.8	29.2211	0.0190327
37951425	38121339	ENSG00000184029.9	ENST00000398948.5	DSCR4-002	DSCR4	777	593.802	0	0
38054011	38121360	ENSG00000184029.9	ENST00000328264.7	DSCR4-001	DSCR4	1098	914.802	0	0
38380027	38498442	ENSG00000157554.18	ENST00000398905.5	ERG-005	ERG	4806	4622.8	0	0
38380027	38498442	ENSG00000157554.18	ENST00000398907.5	ERG-009	ERG	4809	4625.8	0	0
38380027	38498483	ENSG00000157554.18	ENST00000288319.11	ERG-001	ERG	4919	4735.8	0	0
38380027	38584900	ENSG00000157554.18	ENST00000398897.5	ERG-004	ERG	4651	4467.8	0	0
38380027	38584945	ENSG00000157554.18	ENST00000398911.5	ERG-007	ERG	4914	4730.8	0	0
38380027	38661694	ENSG00000157554.18	ENST00000417133.6	ERG-002	ERG	5023	4839.8	0	0
38380027	38661694	ENSG00000157554.18	ENST00000398910.5	ERG-008	ERG	4954	4770.8	0	0
38380030	38661780	ENSG00000157554.18	ENST00000442448.5	ERG-202	ERG	5034	4850.8	0	0
38383126	38498476	ENSG00000157554.18	ENST00000453032.6	ERG-014	ERG	1595	1411.8	0	0
38383291	38660667	ENSG00000157554.18	ENST00000398919.6	ERG-013	ERG	1868	1684.8	0	0
38400008	38661780	ENSG00000157554.18	ENST00000429727.6	ERG-201	ERG	1052	868.802	0	0
39174769	39183851	ENSG00000183527.11	ENST00000331573.7	PSMG1-001	PSMG1	2154	1970.8	134.888	0.867598
39175590	39183488	ENSG00000183527.11	ENST00000380900.2	PSMG1-002	PSMG1	907	723.802	908.546	15.9116
39184176	39313819	ENSG00000185658.13	ENST00000333229.6	BRWD1-001	BRWD1	10141	9957.8	565.125	0.719396
39190219	39313570	ENSG00000185658.13	ENST00000342449.7	BRWD1-002	BRWD1	12929	12745.8	1039.54	1.03386
39193817	39313590	ENSG00000185658.13	ENST00000380800.7	BRWD1-016	BRWD1	7605	7421.8	17.5131	0.0299116
39202366	39229392	ENSG00000185658.13	ENST00000424441.1	BRWD1-010	BRWD1	1356	1172.8	0	0
39236719	39280213	ENSG00000185658.13	ENST00000455867.5	BRWD1-014	BRWD1	1644	1460.8	2.15191	0.0186733
39296437	39313642	ENSG00000185658.13	ENST00000341322.4	BRWD1-004	BRWD1	2495	2311.8	789.019	4.32637
39342315	39349200	ENSG00000205581.10	ENST00000380749.9	HMGN1-001	HMGN1	1383	1199.8	14380.8	151.936
39342692	39349053	ENSG00000205581.10	ENST00000380748.5	HMGN1-018	HMGN1	829	645.802	136.766	2.68452
39342879	39349647	ENSG00000205581.10	ENST00000380747.5	HMGN1-013	HMGN1	709	525.802	9.67798	0.233319
39405844	39428522	ENSG00000157578.13	ENST00000380671.6	LCA5L-201	LCA5L	2080	1896.8	5.14406	0.0343773
39405844	39445777	ENSG00000157578.13	ENST00000288350.7	LCA5L-001	LCA5L	2416	2232.8	0	0
39405860	39445733	ENSG00000157578.13	ENST00000358268.6	LCA5L-002	LCA5L	2564	2380.8	0	0
39421560	39445777	ENSG00000157578.13	ENST00000485895.6	LCA5L-006	LCA5L	2551	2367.8	12.376	0.0662557
39423245	39445760	ENSG00000157578.13	ENST00000418018.5	LCA5L-019	LCA5L	885	701.802	0	0
39428172	39445778	ENSG00000157578.13	ENST00000448288.6	LCA5L-014	LCA5L	804	620.802	0	0
39428208	39445803	ENSG00000157578.13	ENST00000434281.5	LCA5L-018	LCA5L	523	340.126	0	0
39428210	39445719	ENSG00000157578.13	ENST00000438404.5	LCA5L-009	LCA5L	849	665.802	0	0
39428215	39445733	ENSG00000157578.13	ENST00000411566.5	LCA5L-013	LCA5L	808	624.802	0	0
39428285	39445769	ENSG00000157578.13	ENST00000415863.5	LCA5L-010	LCA5L	706	522.802	0	0
39428305	39445769	ENSG00000157578.13	ENST00000426783.5	LCA5L-015	LCA5L	690	506.802	0	0
39428402	39445780	ENSG00000157578.13	ENST00000456017.5	LCA5L-017	LCA5L	612	428.871	0	0
39428462	39445752	ENSG00000157578.13	ENST00000451131.1	LCA5L-008	LCA5L	657	473.827	0	0
40010999	40847139	ENSG00000171587.14	ENST00000400454.5	DSCAM-001	DSCAM	8552	8368.8	0	0
40012414	40369270	ENSG00000171587.14	ENST00000617870.4	DSCAM-201	DSCAM	6176	5992.8	0	0
40012901	40353654	ENSG00000171587.14	ENST00000404019.2	DSCAM-002	DSCAM	5374	5190.8	0	0
41464551	41508159	ENSG00000184012.11	ENST00000332149.9	TMPRSS2-001	TMPRSS2	3205	3021.8	1.0988	0.00460933
41464553	41508065	ENSG00000184012.11	ENST00000398585.7	TMPRSS2-201	TMPRSS2	3240	3056.8	0	0
41466009	41507982	ENSG00000184012.11	ENST00000458356.5	TMPRSS2-009	TMPRSS2	1701	1517.8	0	0
41467734	41531116	ENSG00000184012.11	ENST00000454499.5	TMPRSS2-008	TMPRSS2	1901	1717.8	0	0
41473446	41508092	ENSG00000184012.11	ENST00000424093.5	TMPRSS2-003	TMPRSS2	726	542.802	0	0
41494356	41506604	ENSG00000184012.11	ENST00000455813.1	TMPRSS2-010	TMPRSS2	454	271.698	0.901205	0.042046
41739369	41767089	ENSG00000183421.11	ENST00000352483.3	RIPK4-201	RIPK4	4016	3832.8	0	0
41739369	41767106	ENSG00000183421.11	ENST00000332512.7	RIPK4-001	RIPK4	3889	3705.8	168	0.574664
41798225	41879473	ENSG00000141956.13	ENST00000422911.5	PRDM15-010	PRDM15	6714	6530.8	254.451	0.493884
41798225	41879473	ENSG00000141956.13	ENST00000398548.5	PRDM15-018	PRDM15	6654	6470.8	836.724	1.63912
41798227	41860378	ENSG00000141956.13	ENST00000447207.6	PRDM15-202	PRDM15	4928	4744.8	48.5941	0.129823
41800994	41879482	ENSG00000141956.13	ENST00000269844.4	PRDM15-201	PRDM15	4881	4697.8	6.31446	0.0170384
41885112	41901652	ENSG00000157617.16	ENST00000449165.5	C2CD2-006	C2CD2	4559	4375.8	58.2461	0.168732
41885112	41926690	ENSG00000157617.16	ENST00000329623.11	C2CD2-002	C2CD2	5844	5660.8	145.606	0.326053
41885112	41953890	ENSG00000157617.16	ENST00000380486.3	C2CD2-001	C2CD2	6345	6161.8	948.986	1.95227
41986831	42010357	ENSG00000173276.13	ENST00000398505.7	ZBTB21-004	ZBTB21	6846	6662.8	530.303	1.00891
41986831	42010357	ENSG00000173276.13	ENST00000310826.9	ZBTB21-005	ZBTB21	7449	7265.8	361.566	0.630799
41988637	42010366	ENSG00000173276.13	ENST00000398499.5	ZBTB21-001	ZBTB21	5806	5622.8	0	0
41988637	42010387	ENSG00000173276.13	ENST00000398511.3	ZBTB21-002	ZBTB21	5608	5424.8	642.425	1.50116
41993740	42008057	ENSG00000173276.13	ENST00000425521.1	ZBTB21-008	ZBTB21	607	423.871	9.59504	0.286946
41993948	42010357	ENSG00000173276.13	ENST00000449949.5	ZBTB21-003	ZBTB21	463	280.532	7.30004	0.329861
41993948	42010366	ENSG00000173276.13	ENST00000398497.2	ZBTB21-006	ZBTB21	555	372.071	16.5378	0.563431
42311667	42315651	ENSG00000160180.15	ENST00000518498.1	TFF3-001	TFF3	1109	925.802	0	0
42312053	42315336	ENSG00000160180.15	ENST00000398431.2	TFF3-002	TFF3	452	269.725	0	0
42312074	42315353	ENSG00000160180.15	ENST00000291525.11	TFF3-201	TFF3	407	225.517	0	0
42346357	42351128	ENSG00000160181.8	ENST00000291526.4	TFF2-001	TFF2	737	553.802	0	0
42362282	42366594	ENSG00000160182.2	ENST00000291527.2	TFF1-001	TFF1	551	368.108	3	0.103308
42371890	42395943	ENSG00000160183.13	ENST00000398405.5	TMPRSS3-004	TMPRSS3	2754	2570.8	56.8982	0.280555
42371890	42396059	ENSG00000160183.13	ENST00000433957.6	TMPRSS3-002	TMPRSS3	2403	2219.8	2002.22	11.4336
42371890	42396846	ENSG00000160183.13	ENST00000291532.7	TMPRSS3-001	TMPRSS3	3193	3009.8	4.80182	0.0202235
42381876	42396091	ENSG00000160183.13	ENST00000398397.3	TMPRSS3-003	TMPRSS3	1342	1158.8	269.221	2.94501
42472486	42496354	ENSG00000160188.9	ENST00000291536.7	RSPH1-001	RSPH1	1430	1246.8	17.7031	0.179986
42472697	42496186	ENSG00000160188.9	ENST00000398352.3	RSPH1-003	RSPH1	937	753.802	14.2969	0.240421
42843094	42879531	ENSG00000160193.11	ENST00000330317.6	WDR4-004	WDR4	1471	1287.8	455.084	4.4795
42849226	42879555	ENSG00000160193.11	ENST00000398208.2	WDR4-001	WDR4	2122	1938.8	217.012	1.41885
43053191	43075831	ENSG00000160200.17	ENST00000398158.5	CBS-004	CBS	2453	2269.8	0	0
43053191	43075945	ENSG00000160200.17	ENST00000398165.7	CBS-003	CBS	2605	2421.8	196.603	1.02906
43053191	43076362	ENSG00000160200.17	ENST00000359624.7	CBS-002	CBS	2353	2169.8	77.5596	0.453109
43053191	43076378	ENSG00000160200.17	ENST00000352178.9	CBS-001	CBS	2583	2399.8	0	0
43053755	43058941	ENSG00000160200.17	ENST00000451248.5	CBS-016	CBS	573	390.052	5.97324	0.194122
43055583	43058954	ENSG00000160200.17	ENST00000458223.5	CBS-015	CBS	676	492.802	0	0
43055598	43060546	ENSG00000160200.17	ENST00000430013.1	CBS-014	CBS	828	644.802	0	0
43065616	43076943	ENSG00000160200.17	ENST00000441030.5	CBS-007	CBS	819	635.802	4.23989	0.0845318
43092956	43105252	ENSG00000160201.11	ENST00000459639.5	U2AF1-004	U2AF1	1675	1491.8	0	0
43092956	43107565	ENSG00000160201.11	ENST00000380276.6	U2AF1-002	U2AF1	940	756.802	334.777	5.60738
43092956	43107587	ENSG00000160201.11	ENST00000291552.8	U2AF1-001	U2AF1	962	778.802	3554.84	57.8601
43092957	43107578	ENSG00000160201.11	ENST00000398137.5	U2AF1-201	U2AF1	1019	835.802	275.266	4.17481
43414515	43427128	ENSG00000142178.7	ENST00000270162.6	SIK1-001	SIK1	4712	4528.8	149.409	0.418196
43529192	43659493	ENSG00000160207.8	ENST00000291560.6	HSF2BP-001	HSF2BP	1899	1715.8	50	0.369394
43613851	43659470	ENSG00000160207.8	ENST00000443485.1	HSF2BP-002	HSF2BP	989	805.802	0	0
43772512	43776445	ENSG00000160213.5	ENST00000291568.5	CSTB-001	CSTB	2163	1979.8	11608.4	74.3258
44222991	44240840	ENSG00000160223.16	ENST00000344330.8	ICOSLG-003	ICOSLG	1009	825.802	0	0
44222991	44240945	ENSG00000160223.16	ENST00000407780.7	ICOSLG-001	ICOSLG	7080	6896.8	5540.24	10.1828
44226834	44240945	ENSG00000160223.16	ENST00000400379.7	ICOSLG-004	ICOSLG	4246	4062.8	1026.38	3.20234
44226834	44240966	ENSG00000160223.16	ENST00000400377.3	ICOSLG-002	ICOSLG	2907	2723.8	97.2472	0.452573
44246339	44251238	ENSG00000142182.8	ENST00000436357.5	DNMT3L-003	DNMT3L	603	419.913	10.4596	0.315751
44246339	44262216	ENSG00000142182.8	ENST00000270172.7	DNMT3L-001	DNMT3L	1706	1522.8	3.02517	0.0251822
44246352	44261890	ENSG00000142182.8	ENST00000628202.2	DNMT3L-004	DNMT3L	1364	1180.8	0	0
44250810	44261882	ENSG00000142182.8	ENST00000431166.1	DNMT3L-002	DNMT3L	1014	830.802	0	0
44328944	44339402	ENSG00000160226.15	ENST00000339818.8	C21orf2-002	C21orf2	2233	2049.8	906.324	5.60478
44329891	44339393	ENSG00000160226.15	ENST00000397956.7	C21orf2-003	C21orf2	1634	1450.8	219.069	1.91408
44329891	44339402	ENSG00000160226.15	ENST00000325223.7	C21orf2-001	C21orf2	1283	1099.8	375.573	4.32879
44497892	44711580	ENSG00000175894.14	ENST00000323084.8	TSPEAR-001	TSPEAR	3967	3783.8	0	0
44497894	44711580	ENSG00000175894.14	ENST00000614657.4	TSPEAR-202	TSPEAR	4027	3843.8	0	0
44497894	44711580	ENSG00000175894.14	ENST00000613245.4	TSPEAR-201	TSPEAR	3524	3340.8	36.1505	0.137167
44508507	44573816	ENSG00000175894.14	ENST00000397916.1	TSPEAR-002	TSPEAR	2114	1930.8	2.22947	0.014637
44538981	44540195	ENSG00000215455.4	ENST00000400375.1	KRTAP10-1-001	KRTAP10-1	1215	1031.8	0	0
44550357	44551505	ENSG00000205445.3	ENST00000391621.1	KRTAP10-2-001	KRTAP10-2	1149	965.802	0	0
44557790	44558760	ENSG00000212935.1	ENST00000391620.1	KRTAP10-3-001	KRTAP10-3	971	787.802	0	0
44579455	44580604	ENSG00000241123.1	ENST00000400372.1	KRTAP10-5-001	KRTAP10-5	1150	966.802	0	0
44579796	44592469	ENSG00000188155.10	ENST00000622352.2	KRTAP10-6-201	KRTAP10-6	1191	1007.8	0	0
44591268	44592505	ENSG00000188155.10	ENST00000400368.1	KRTAP10-6-001	KRTAP10-6	1238	1054.8	0	0
44654213	44654659	ENSG00000212933.1	ENST00000391618.1	KRTAP12-4-001	KRTAP12-4	447	264.778	0	0
44666189	44666927	ENSG00000221864.4	ENST00000360770.3	KRTAP12-2-001	KRTAP12-2	739	555.802	0	0
44681576	44682163	ENSG00000187175.5	ENST00000391617.1	KRTAP12-1-001	KRTAP12-1	588	404.954	0	0
44768580	44802019	ENSG00000184787.18	ENST00000345496.6	UBE2G2-001	UBE2G2	3566	3382.8	4277.74	16.0297
44771295	44801774	ENSG00000184787.18	ENST00000330942.9	UBE2G2-005	UBE2G2	721	537.802	55.3314	1.30418
44805617	44818051	ENSG00000184900.15	ENST00000397898.7	SUMO3-002	SUMO3	1779	1595.8	14.2359	0.113082
44805617	44818129	ENSG00000184900.15	ENST00000332859.10	SUMO3-001	SUMO3	1807	1623.8	7239.53	56.5151
44805617	44818129	ENSG00000184900.15	ENST00000411651.6	SUMO3-201	SUMO3	1921	1737.8	31.636	0.230764
44808271	44817968	ENSG00000184900.15	ENST00000397893.3	SUMO3-005	SUMO3	520	337.143	9.06917	0.34099
44849585	44873709	ENSG00000183255.11	ENST00000397887.7	PTTG1IP-005	PTTG1IP	2413	2229.8	234.849	1.33509
44849585	44873837	ENSG00000183255.11	ENST00000330938.7	PTTG1IP-001	PTTG1IP	2760	2576.8	8423.23	41.4367
44849586	44873903	ENSG00000183255.11	ENST00000445724.3	PTTG1IP-201	PTTG1IP	2497	2313.8	219.917	1.20481
44851407	44861933	ENSG00000183255.11	ENST00000397886.3	PTTG1IP-006	PTTG1IP	755	571.802	57.5675	1.2762
44885953	44910826	ENSG00000160255.17	ENST00000397852.5	ITGB2-005	ITGB2	2769	2585.8	8273.65	40.5592
44885953	44911460	ENSG00000160255.17	ENST00000397857.5	ITGB2-004	ITGB2	2813	2629.8	0	0
44885953	44920855	ENSG00000160255.17	ENST00000397854.7	ITGB2-003	ITGB2	2592	2408.8	21.7724	0.114575
44885953	44928838	ENSG00000160255.17	ENST00000355153.8	ITGB2-001	ITGB2	2913	2729.8	0	0
44885953	44928873	ENSG00000160255.17	ENST00000397850.6	ITGB2-002	ITGB2	3178	2994.8	0	0
44885956	44921050	ENSG00000160255.17	ENST00000302347.9	ITGB2-201	ITGB2	2955	2771.8	6798.46	31.0911
44899067	44910630	ENSG00000160255.17	ENST00000320216.10	ITGB2-010	ITGB2	966	782.802	0	0
44903365	44911177	ENSG00000160255.17	ENST00000523663.5	ITGB2-024	ITGB2	680	496.802	0	0
44903384	44914283	ENSG00000160255.17	ENST00000522931.5	ITGB2-022	ITGB2	573	390.052	17.289	0.561868
44903503	44928718	ENSG00000160255.17	ENST00000517563.5	ITGB2-015	ITGB2	571	388.052	0	0
44903508	44920942	ENSG00000160255.17	ENST00000522688.5	ITGB2-017	ITGB2	606	422.892	49.0446	1.47011
44906925	44920899	ENSG00000160255.17	ENST00000524251.1	ITGB2-021	ITGB2	568	385.052	0	0
44907032	44921133	ENSG00000160255.17	ENST00000517819.5	ITGB2-016	ITGB2	527	344.126	3.93925	0.145106
44907987	44920896	ENSG00000160255.17	ENST00000397846.7	ITGB2-008	ITGB2	422	240.145	6.78854	0.358336
44910284	44931989	ENSG00000160255.17	ENST00000521995.1	ITGB2-014	ITGB2	556	373.071	48.3744	1.64366
45263928	45287898	ENSG00000186866.16	ENST00000331343.11	POFUT2-001	POFUT2	4825	4641.8	581.773	1.58875
45263928	45287898	ENSG00000186866.16	ENST00000349485.9	POFUT2-003	POFUT2	2871	2687.8	1211.95	5.71577
45263929	45287896	ENSG00000186866.16	ENST00000612472.4	POFUT2-201	POFUT2	2959	2775.8	175.964	0.803568
45263979	45277410	ENSG00000186866.16	ENST00000615172.4	POFUT2-202	POFUT2	2472	2288.8	96.4932	0.534412
45267698	45285691	ENSG00000186866.16	ENST00000451615.1	POFUT2-008	POFUT2	795	611.802	27.4124	0.567968
45493572	45531541	ENSG00000173638.18	ENST00000417954.5	SLC19A1-003	SLC19A1	3572	3388.8	9.30913	0.0348217
45498201	45544411	ENSG00000173638.18	ENST00000567670.5	SLC19A1-014	SLC19A1	2029	1845.8	4.05437	0.0278436
45513776	45542471	ENSG00000173638.18	ENST00000311124.8	SLC19A1-001	SLC19A1	3811	3627.8	2075.77	7.25309
45514715	45542471	ENSG00000173638.18	ENST00000380010.8	SLC19A1-002	SLC19A1	1884	1700.8	199.94	1.49016
45515518	45534706	ENSG00000173638.18	ENST00000485649.3	SLC19A1-015	SLC19A1	1896	1712.8	319.66	2.36575
45531791	45541838	ENSG00000173638.18	ENST00000427839.5	SLC19A1-007	SLC19A1	648	464.827	36.7599	1.00247
45531874	45544400	ENSG00000173638.18	ENST00000443742.1	SLC19A1-005	SLC19A1	777	593.802	5.90841	0.126129
45537778	45544402	ENSG00000173638.18	ENST00000528477.1	SLC19A1-012	SLC19A1	580	396.974	0	0
46136262	46155567	ENSG00000160282.13	ENST00000291670.9	FTCD-004	FTCD	1905	1721.8	0	0
46136262	46155567	ENSG00000160282.13	ENST00000397748.5	FTCD-005	FTCD	1955	1771.8	0	0
46136779	46138572	ENSG00000160282.13	ENST00000446405.5	FTCD-011	FTCD	436	253.947	0	0
46136779	46155567	ENSG00000160282.13	ENST00000397746.7	FTCD-001	FTCD	1878	1694.8	0	0
46136779	46155567	ENSG00000160282.13	ENST00000397743.1	FTCD-002	FTCD	1834	1650.8	0	0
46161148	46184476	ENSG00000160284.14	ENST00000330205.10	SPATC1L-001	SPATC1L	1182	998.802	1445.5	18.3454
46161161	46184459	ENSG00000160284.14	ENST00000291672.5	SPATC1L-002	SPATC1L	2303	2119.8	30.4963	0.182364
46188141	46228822	ENSG00000160285.14	ENST00000356396.8	LSS-002	LSS	2995	2811.8	12.1994	0.0549971
46188446	46228824	ENSG00000160285.14	ENST00000397728.7	LSS-001	LSS	4936	4752.8	1698.28	4.52947
46188474	46194580	ENSG00000160285.14	ENST00000419093.5	LSS-008	LSS	517	334.143	8.41692	0.319307
46189124	46228824	ENSG00000160285.14	ENST00000457828.6	LSS-201	LSS	4390	4206.8	15018.2	45.2537
46190783	46228781	ENSG00000160285.14	ENST00000522411.5	LSS-010	LSS	2523	2339.8	756.999	4.10113
46216389	46228768	ENSG00000160285.14	ENST00000450351.1	LSS-005	LSS	853	669.802	46.3946	0.878027
46235126	46285394	ENSG00000160294.10	ENST00000291688.5	MCM3AP-201	MCM3AP	6193	6009.8	7405.5	15.62
46235133	46286297	ENSG00000160294.10	ENST00000397708.1	MCM3AP-001	MCM3AP	6333	6149.8	527.46	1.08721
46285005	46286184	ENSG00000160294.10	ENST00000426537.1	MCM3AP-007	MCM3AP	876	692.802	233.376	4.27007
46300430	46320825	ENSG00000160298.17	ENST00000397683.5	C21orf58-005	C21orf58	1674	1490.8	75.1324	0.638844
46300511	46318206	ENSG00000160298.17	ENST00000417060.5	C21orf58-007	C21orf58	1072	888.802	9.26696	0.132166
46301130	46323875	ENSG00000160298.17	ENST00000397682.7	C21orf58-001	C21orf58	2941	2757.8	132.268	0.607966
46301130	46323875	ENSG00000160298.17	ENST00000291691.11	C21orf58-002	C21orf58	2975	2791.8	324.36	1.47275
46301134	46319137	ENSG00000160298.17	ENST00000397679.5	C21orf58-004	C21orf58	2900	2716.8	348.439	1.62576
46301134	46323857	ENSG00000160298.17	ENST00000397680.5	C21orf58-003	C21orf58	2624	2440.8	11.7208	0.0608713
46314871	46323869	ENSG00000160298.17	ENST00000445935.5	C21orf58-009	C21orf58	1931	1747.8	325.254	2.35894
46598962	46605208	ENSG00000160307.9	ENST00000291700.8	S100B-001	S100B	877	693.802	0	0
46598962	46605208	ENSG00000160307.9	ENST00000367071.4	S100B-002	S100B	971	787.802	2.08032	0.0334735
46599281	46602893	ENSG00000160307.9	ENST00000397648.1	S100B-003	S100B	839	655.802	0	0
